{"The Mirror": {"Suppression of Self": {"y": 1.9376998497984119, "x": 1.7309959790005054, "z": 2.7905957935666041}, "Stagnation": {"y": 0.83888877879528767, "x": 1.4019645344029517, "z": -1.6235024137345615}, "Expectations": {"y": 0.78825749888021934, "x": -2.151189643135226, "z": -1.8637836651581654}, "Exclusivity": {"y": 0.16969196099287939, "x": -0.10345633224711694, "z": 0.37336358022541394}, "Mega Love?": {"y": 0.57809921111189255, "x": -1.6109427290355345, "z": 2.8734241270574898}}, "Live Love": {"Collaboration": {"y": 0.065702212119097742, "x": 1.6537012819001349, "z": -2.3152322210174612}, "Vulnerability": {"y": 0.88625803971311545, "x": -1.5898484251344049, "z": -2.3040123034768722}, "Sacrifice": {"y": 1.0477968825253994, "x": 1.6057421464748156, "z": 2.8844840901422195}, "Harmony": {"y": 0.13629743168892947, "x": -0.1907138698196586, "z": 1.3997642654330169}}, "Reality": {"Magnetism": {"y": 0.82202967164366936, "x": 1.528329933716045, "z": -0.5576331487088505}, "Contact": {"y": 1.4108233597231241, "x": 0.11484887343126574, "z": 3.0990255983364925}, "Randomness": {"y": 1.4201135250308912, "x": -1.6966615714337099, "z": 0.17776151204979029}}, "Impossibility": {"Fantasy": {"y": 2.3501156005586257, "x": -1.7767243992056831, "z": -1.9679827631411659}, "Idealization": {"y": 1.7287437671404009, "x": -1.7791977706165716, "z": 3.1631253358002969}, "Mind Crush": {"y": 1.2062341587246161, "x": 1.457896356578531, "z": -1.8508582982256883}}, "Phantom Love": {"Longing": {"y": 2.5234607042224253, "x": -1.5366021252465871, "z": 3.0975248695478266}, "Human Needs": {"y": 1.9935641864265368, "x": 1.360455048342526, "z": -0.50682198312188598}}, "Uncoupling": {"Self Love": {"y": 0.23468332551684581, "x": -0.44273043638860998, "z": 3.452871249986365}, "Self Reconstruction": {"y": 0.90640040358809792, "x": -1.5867739191785191, "z": 2.8767536256783965}}}
