{"The Mirror":{"x":0.40368284347246886,"y":0,"z":-3.779615304727592},"Reality":{"x":6.216427756636475,"y":0,"z":-3.6686652385003278},"Phantom Love":{"x":-1.094468628785649,"y":3.552713678800501e-15,"z":-11.369752518571678},"Live Love":{"x":-5.324230027946717,"y":0,"z":0.055303051705512196},"Impossibility":{"x":-11.16593373030671,"y":0,"z":-2.367485383552781},"Uncoupling":{"x":0.39477992891538105,"y":0,"z":3.7986041457236137}}