 {"Intersectionality":{"x":0.6296018542952875,"y":0,"z":1.3743199148139205},"Story":{"x":12.116008862025224,"y":0,"z":-0.37203893075621863},"Violent Reconfiguration of Self":{"x":6.431574163159013,"y":0,"z":-1.8402286105178725},"Commodification":{"x":-5.115240329036149,"y":0,"z":-1.3820655738411967},"Dreams of Future Self":{"x":0.6357751988131268,"y":0,"z":-6.2256491436030075},"Oasis":{"x":-15.040259795229295,"y":-3.552713678800501e-15,"z":2.1774521124005535}}