{"Story": {"Past": {"y": 2.4112644759876387, "x": -0.1990145929776996, "z": 1.7858006404775382}, "Self": {"y": 1.2817342605628057, "x": -0.4213942284233992, "z": -1.788209650915111}}, "Intersectionality": {"Social Capital": {"y": 1.4805457381799187, "x": 1.4446966575636502, "z": -0.0017247004266576216}, "Network": {"y": 1.328630324333511, "x": -0.4781022552828683, "z": 1.9742435926352488}, "Contractual Collaboration": {"y": 0.8580390406941385, "x": -0.48508567863140684, "z": -2.373843751180771}}, "Dreams of Future Self": {"Building Something New": {"y": 0.7295202249605149, "x": -1.635146095422845, "z": 2.765765154467893}, "Project": {"y": 0.8285760743815305, "x": -1.3537818754999176, "z": -2.2548936021484582}, "Goals": {"y": 1.9935641864265368, "x": 1.3334882940693584, "z": 1.0062995114308984}, "Conscious Decision": {"y": 2.19614736066892, "x": 1.282661089041238, "z": -2.662704363672062}}, "Commodification": {"Resource Management": {"y": 2.809170889905735, "x": -0.24, "z": 0.34612498919569723}, "Priorities": {"y": 3.5060400532896434, "x": -0.56, "z": -0.8415058521626164}}, "Oasis": {"Comfort": {"y": 0.3289217073684259, "x": -1.569218150880491, "z": -0.45685151913519}, "Non-Project-Based Relationships": {"y": 2.5275263783648696, "x": -0.08859960178500796, "z": -0.29064071796867536}}, "Violent Reconfiguration of Self": {"Abandonment": {"y": 0.2478951660261029, "x": -0.014172716303108901, "z": 1.4007926224591631}, "Commitment": {"y": 0.24789516602610276, "x": 1.1306099629308557, "z": 2.162864830213585}}}