{"Relationships With Others": {"Success": {"y": 0.62445557729468959, "x": 0.050664201546722243, "z": 2.353978534781147}, "Exchange": {"y": 0.21002837680272224, "x": -1.3442931506531017, "z": 0.17842859741690953}}}