{"Story": {"Past": {"y": 2.4112644759876387, "x": -0.19901459297769961, "z": 1.7858006404775382}, "Self": {"y": 1.2817342605628057, "x": -0.42139422842339919, "z": -1.7882096509151111}}, "Violent Reconfiguration of Self": {"Abandonment": {"y": 0.2478951660261029, "x": -0.014172716303108901, "z": 1.4007926224591631}, "Commitment": {"y": 0.24789516602610276, "x": 1.1306099629308557, "z": 2.1628648302135849}}, "Intersectionality": {"Social Capital": {"y": 1.4805457381799187, "x": 1.4446966575636502, "z": -0.0017247004266576216}, "Network": {"y": 1.3286303243335109, "x": -0.47810225528286832, "z": 1.9742435926352488}, "Contractual Obligation": {"y": 0.8580390406941385, "x": -0.48508567863140684, "z": -2.3738437511807708}}, "Oasis": {"Comfort": {"y": 0.32892170736842591, "x": -1.569218150880491, "z": -0.45685151913519001}, "Non-Project-Based Relationships": {"y": 2.5275263783648696, "x": -0.088599601785007961, "z": -0.29064071796867536}}, "Dreams of Future Self": {"Building Something New": {"y": 0.72952022496051494, "x": -1.6351460954228449, "z": 2.7657651544678932}, "Project": {"y": 0.82857607438153047, "x": -1.3537818754999176, "z": -2.2548936021484582}, "Goals": {"y": 1.9935641864265368, "x": 1.3334882940693584, "z": 1.0062995114308984}, "Conscious Decision": {"y": 2.1961473606689199, "x": 1.282661089041238, "z": -2.662704363672062}}}
